{
  "hash": "408ac363",
  "configHash": "df106e2c",
  "lockfileHash": "f7ea9022",
  "browserHash": "eadee3fe",
  "optimized": {
    "@angular/common": {
      "src": "../../../../../../node_modules/@angular/common/fesm2022/common.mjs",
      "file": "@angular_common.js",
      "fileHash": "8ec53664",
      "needsInterop": false
    },
    "@angular/core": {
      "src": "../../../../../../node_modules/@angular/core/fesm2022/core.mjs",
      "file": "@angular_core.js",
      "fileHash": "8cbba7b8",
      "needsInterop": false
    },
    "@angular/forms": {
      "src": "../../../../../../node_modules/@angular/forms/fesm2022/forms.mjs",
      "file": "@angular_forms.js",
      "fileHash": "7f4d4a9e",
      "needsInterop": false
    },
    "@angular/platform-browser": {
      "src": "../../../../../../node_modules/@angular/platform-browser/fesm2022/platform-browser.mjs",
      "file": "@angular_platform-browser.js",
      "fileHash": "9d231e11",
      "needsInterop": false
    },
    "@angular/router": {
      "src": "../../../../../../node_modules/@angular/router/fesm2022/router.mjs",
      "file": "@angular_router.js",
      "fileHash": "20ca3185",
      "needsInterop": false
    },
    "@angular/common/http": {
      "src": "../../../../../../node_modules/@angular/common/fesm2022/http.mjs",
      "file": "@angular_common_http.js",
      "fileHash": "561f2c49",
      "needsInterop": false
    }
  },
  "chunks": {
    "chunk-THJ5IXDT": {
      "file": "chunk-THJ5IXDT.js"
    },
    "chunk-I6ZIS454": {
      "file": "chunk-I6ZIS454.js"
    },
    "chunk-M7WB6M3R": {
      "file": "chunk-M7WB6M3R.js"
    },
    "chunk-EISTGHNO": {
      "file": "chunk-EISTGHNO.js"
    },
    "chunk-OPCQPQRU": {
      "file": "chunk-OPCQPQRU.js"
    }
  }
}